{"cameraMode":{"drawMode":0,"name":"Shaded","section":"Shading Mode"},"sceneLighting":true,"audioPlay":false,"sceneViewState":{"showFog":true,"showMaterialUpdate":false,"showSkybox":true,"showFlares":true,"showImageEffects":true,"showParticleSystems":true},"in2DMode":false,"pivot":{"x":-2.8805313110351564,"y":10.43825912475586,"z":0.7816890478134155},"rotation":{"x":0.34695062041282656,"y":0.000573428871575743,"z":-0.00021227392426226288,"w":0.9378832578659058},"size":4.1338019371032719,"orthographic":false}