{"cameraMode":{"drawMode":0,"name":"Shaded","section":"Shading Mode"},"sceneLighting":false,"audioPlay":false,"sceneViewState":{"showFog":true,"showMaterialUpdate":false,"showSkybox":true,"showFlares":true,"showImageEffects":true,"showParticleSystems":true},"in2DMode":false,"pivot":{"x":12.890000343322754,"y":12.60000228881836,"z":8.929998397827149},"rotation":{"x":-0.21832741796970368,"y":0.3713093101978302,"z":-0.09027944505214691,"w":-0.8979488611221314},"size":43.718753814697269,"orthographic":false}