{"cameraMode":{"drawMode":0,"name":"Shaded","section":"Shading Mode"},"sceneLighting":false,"audioPlay":false,"sceneViewState":{"showFog":true,"showMaterialUpdate":false,"showSkybox":true,"showFlares":true,"showImageEffects":true,"showParticleSystems":true},"in2DMode":false,"pivot":{"x":-5.532434463500977,"y":-6.092618465423584,"z":21.034881591796876},"rotation":{"x":-0.1431250125169754,"y":0.3138691186904907,"z":-0.047921422868967059,"w":-0.9373926520347595},"size":32.45012283325195,"orthographic":false}