{"cameraMode":{"drawMode":0,"name":"Shaded","section":"Shading Mode"},"sceneLighting":false,"audioPlay":false,"sceneViewState":{"showFog":true,"showMaterialUpdate":false,"showSkybox":true,"showFlares":true,"showImageEffects":true,"showParticleSystems":true},"in2DMode":false,"pivot":{"x":-0.051030226051807407,"y":-0.05098709091544151,"z":-0.05759906396269798},"rotation":{"x":-0.02697327360510826,"y":0.6056321263313294,"z":-0.020547080785036088,"w":-0.7950220108032227},"size":7.366424083709717,"orthographic":false}