{"cameraMode":{"drawMode":0,"name":"Shaded","section":"Shading Mode"},"sceneLighting":false,"audioPlay":false,"sceneViewState":{"showFog":true,"showMaterialUpdate":false,"showSkybox":true,"showFlares":true,"showImageEffects":true,"showParticleSystems":true},"in2DMode":false,"pivot":{"x":1.7557133436203004,"y":-1.6682169437408448,"z":0.46728232502937319},"rotation":{"x":-0.10067591816186905,"y":0.22394591569900514,"z":-0.02326357364654541,"w":-0.9691085815429688},"size":16.59542465209961,"orthographic":false}