{"cameraMode":{"drawMode":0,"name":"Shaded","section":"Shading Mode"},"sceneLighting":false,"audioPlay":false,"sceneViewState":{"showFog":true,"showMaterialUpdate":false,"showSkybox":true,"showFlares":true,"showImageEffects":true,"showParticleSystems":true},"in2DMode":false,"pivot":{"x":-45.937652587890628,"y":-22.998857498168947,"z":31.383522033691408},"rotation":{"x":-0.22581222653388978,"y":0.564557671546936,"z":-0.16412344574928285,"w":-0.7767541408538818},"size":30.289974212646486,"orthographic":false}