{"cameraMode":{"drawMode":0,"name":"Shaded","section":"Shading Mode"},"sceneLighting":false,"audioPlay":false,"sceneViewState":{"showFog":true,"showMaterialUpdate":false,"showSkybox":true,"showFlares":true,"showImageEffects":true,"showParticleSystems":true},"in2DMode":false,"pivot":{"x":0.5685520172119141,"y":-1.8390989303588868,"z":3.0392303466796877},"rotation":{"x":-0.2086874097585678,"y":0.5047653913497925,"z":-0.1272295117378235,"w":-0.8279337286949158},"size":18.30236053466797,"orthographic":false}