{"cameraMode":{"drawMode":0,"name":"Shaded","section":"Shading Mode"},"sceneLighting":false,"audioPlay":false,"sceneViewState":{"showFog":true,"showMaterialUpdate":false,"showSkybox":true,"showFlares":true,"showImageEffects":true,"showParticleSystems":true},"in2DMode":false,"pivot":{"x":-1.2421903610229493,"y":-2.228405475616455,"z":-2.5477020740509035},"rotation":{"x":-0.431770384311676,"y":0.07023324817419052,"z":-0.03374535217881203,"w":-0.8986116647720337},"size":18.30236053466797,"orthographic":false}