{"cameraMode":{"drawMode":0,"name":"Shaded","section":"Shading Mode"},"sceneLighting":false,"audioPlay":false,"sceneViewState":{"showFog":true,"showMaterialUpdate":false,"showSkybox":true,"showFlares":true,"showImageEffects":true,"showParticleSystems":true},"in2DMode":false,"pivot":{"x":0.0,"y":1.6000001430511475,"z":9.789999961853028},"rotation":{"x":-0.2530583441257477,"y":-0.022928321734070779,"z":0.005999608896672726,"w":-0.967160701751709},"size":7.385219573974609,"orthographic":false}