{"cameraMode":{"drawMode":0,"name":"Shaded","section":"Shading Mode"},"sceneLighting":false,"audioPlay":false,"sceneViewState":{"showFog":true,"showMaterialUpdate":false,"showSkybox":true,"showFlares":true,"showImageEffects":true,"showParticleSystems":true},"in2DMode":false,"pivot":{"x":-1.7465121746063233,"y":-0.5498871803283691,"z":-1.9276766777038575},"rotation":{"x":0.07767678052186966,"y":0.8182913064956665,"z":-0.11390724033117295,"w":0.558023989200592},"size":14.962976455688477,"orthographic":false}