{"cameraMode":{"drawMode":0,"name":"Shaded","section":"Shading Mode"},"sceneLighting":false,"audioPlay":false,"sceneViewState":{"showFog":true,"showMaterialUpdate":false,"showSkybox":true,"showFlares":true,"showImageEffects":true,"showParticleSystems":true},"in2DMode":false,"pivot":{"x":0.7199276089668274,"y":-1.2360049486160279,"z":0.9200837016105652},"rotation":{"x":-0.06274505704641342,"y":0.8805475234985352,"z":-0.1217678114771843,"w":-0.453730970621109},"size":7.385220527648926,"orthographic":false}