{"cameraMode":{"drawMode":0,"name":"Shaded","section":"Shading Mode"},"sceneLighting":false,"audioPlay":false,"sceneViewState":{"showFog":true,"showMaterialUpdate":false,"showSkybox":true,"showFlares":true,"showImageEffects":true,"showParticleSystems":true},"in2DMode":false,"pivot":{"x":-4.063698768615723,"y":-3.565202474594116,"z":-4.299654006958008},"rotation":{"x":-0.11810503900051117,"y":0.7481288313865662,"z":-0.13846653699874879,"w":-0.6381077766418457},"size":13.18272590637207,"orthographic":false}