{"cameraMode":{"drawMode":0,"name":"Shaded","section":"Shading Mode"},"sceneLighting":false,"audioPlay":false,"sceneViewState":{"showFog":true,"showMaterialUpdate":false,"showSkybox":true,"showFlares":true,"showImageEffects":true,"showParticleSystems":true},"in2DMode":false,"pivot":{"x":6.628090858459473,"y":13.391585350036621,"z":-18.169387817382814},"rotation":{"x":0.11732751131057739,"y":0.866567075252533,"z":0.2417767345905304,"w":-0.42052334547042849},"size":22.872594833374025,"orthographic":false}