{"cameraMode":{"drawMode":0,"name":"Shaded","section":"Shading Mode"},"sceneLighting":false,"audioPlay":false,"sceneViewState":{"showFog":true,"showMaterialUpdate":false,"showSkybox":true,"showFlares":true,"showImageEffects":true,"showParticleSystems":true},"in2DMode":false,"pivot":{"x":-25.60112190246582,"y":-6.395726203918457,"z":-2.684873580932617},"rotation":{"x":-0.10478797554969788,"y":0.7724653482437134,"z":-0.13221026957035066,"w":-0.6122394800186157},"size":35.36330795288086,"orthographic":false}