{"cameraMode":{"drawMode":0,"name":"Shaded","section":"Shading Mode"},"sceneLighting":false,"audioPlay":false,"sceneViewState":{"showFog":true,"showMaterialUpdate":false,"showSkybox":true,"showFlares":true,"showImageEffects":true,"showParticleSystems":true},"in2DMode":false,"pivot":{"x":-46.4619140625,"y":-24.23514175415039,"z":35.801753997802737},"rotation":{"x":-0.02697327360510826,"y":0.6056321263313294,"z":-0.020547080785036088,"w":-0.7950220108032227},"size":24.73009490966797,"orthographic":false}