{"cameraMode":{"drawMode":0,"name":"Shaded","section":"Shading Mode"},"sceneLighting":false,"audioPlay":false,"sceneViewState":{"showFog":true,"showMaterialUpdate":false,"showSkybox":true,"showFlares":true,"showImageEffects":true,"showParticleSystems":true},"in2DMode":false,"pivot":{"x":0.10219144821166992,"y":0.9196488857269287,"z":21.975326538085939},"rotation":{"x":-0.05984574928879738,"y":0.9192390441894531,"z":-0.15393038094043733,"w":-0.3573843240737915},"size":7.385221481323242,"orthographic":false}