{"cameraMode":{"drawMode":0,"name":"Shaded","section":"Shading Mode"},"sceneLighting":false,"audioPlay":false,"sceneViewState":{"showFog":true,"showMaterialUpdate":false,"showSkybox":true,"showFlares":true,"showImageEffects":true,"showParticleSystems":true},"in2DMode":false,"pivot":{"x":-14.493719100952149,"y":-12.63674259185791,"z":6.0630950927734379},"rotation":{"x":0.29158422350883486,"y":-0.4472416043281555,"z":0.15695470571517945,"w":0.8308542966842651},"size":30.289974212646486,"orthographic":false}