{"cameraMode":{"drawMode":0,"name":"Shaded","section":"Shading Mode"},"sceneLighting":true,"audioPlay":false,"sceneViewState":{"showFog":true,"showMaterialUpdate":false,"showSkybox":true,"showFlares":true,"showImageEffects":true,"showParticleSystems":true},"in2DMode":false,"pivot":{"x":1.0826683044433594,"y":3.130949020385742,"z":6.853575706481934},"rotation":{"x":0.27499258518218996,"y":-0.43064984679222109,"z":0.13961780071258546,"w":0.8481902480125427},"size":29.920757293701173,"orthographic":false}