{"cameraMode":{"drawMode":0,"name":"Shaded","section":"Shading Mode"},"sceneLighting":false,"audioPlay":false,"sceneViewState":{"showFog":true,"showMaterialUpdate":false,"showSkybox":true,"showFlares":true,"showImageEffects":true,"showParticleSystems":true},"in2DMode":false,"pivot":{"x":3.436314582824707,"y":0.5712299346923828,"z":19.72268295288086},"rotation":{"x":-0.10473953932523728,"y":0.8711827993392944,"z":-0.21209557354450227,"w":-0.43021583557128909},"size":21.611488342285158,"orthographic":false}