{"cameraMode":{"drawMode":0,"name":"Shaded","section":"Shading Mode"},"sceneLighting":false,"audioPlay":false,"sceneViewState":{"showFog":true,"showMaterialUpdate":false,"showSkybox":true,"showFlares":true,"showImageEffects":true,"showParticleSystems":true},"in2DMode":false,"pivot":{"x":0.37857598066329958,"y":-5.141559600830078,"z":-1.4838812351226807},"rotation":{"x":0.49209505319595339,"y":0.007564276456832886,"z":-0.004278918728232384,"w":0.8704981207847595},"size":21.71239471435547,"orthographic":false}