{"cameraMode":{"drawMode":0,"name":"Shaded","section":"Shading Mode"},"sceneLighting":false,"audioPlay":false,"sceneViewState":{"showFog":true,"showMaterialUpdate":false,"showSkybox":true,"showFlares":true,"showImageEffects":true,"showParticleSystems":true},"in2DMode":false,"pivot":{"x":5.461753845214844,"y":1.6184946298599244,"z":-5.033440589904785},"rotation":{"x":-0.04072340205311775,"y":0.9574404954910278,"z":-0.23005563020706178,"w":-0.16948072612285615},"size":14.373322486877442,"orthographic":false}