{"cameraMode":{"drawMode":0,"name":"Shaded","section":"Shading Mode"},"sceneLighting":false,"audioPlay":false,"sceneViewState":{"showFog":true,"showMaterialUpdate":false,"showSkybox":true,"showFlares":true,"showImageEffects":true,"showParticleSystems":true},"in2DMode":false,"pivot":{"x":7.992752552032471,"y":6.72577428817749,"z":28.197647094726564},"rotation":{"x":-0.15484055876731873,"y":0.831183135509491,"z":-0.28498977422714236,"w":-0.45159709453582766},"size":21.597105026245118,"orthographic":false}