{"cameraMode":{"drawMode":0,"name":"Shaded","section":"Shading Mode"},"sceneLighting":false,"audioPlay":false,"sceneViewState":{"showFog":true,"showMaterialUpdate":false,"showSkybox":true,"showFlares":true,"showImageEffects":true,"showParticleSystems":true},"in2DMode":false,"pivot":{"x":-45.937652587890628,"y":-22.998857498168947,"z":31.383522033691408},"rotation":{"x":-0.20842495560646058,"y":0.4594961702823639,"z":-0.11186742782592774,"w":-0.8561004400253296},"size":30.289974212646486,"orthographic":false}