{"cameraMode":{"drawMode":0,"name":"Shaded","section":"Shading Mode"},"sceneLighting":false,"audioPlay":false,"sceneViewState":{"showFog":true,"showMaterialUpdate":false,"showSkybox":true,"showFlares":true,"showImageEffects":true,"showParticleSystems":true},"in2DMode":false,"pivot":{"x":5.811343669891357,"y":-3.335709571838379,"z":-6.6696624755859379},"rotation":{"x":0.045868054032325748,"y":-0.9541221857070923,"z":0.2069694846868515,"w":0.21144920587539674},"size":17.945051193237306,"orthographic":false}