{"cameraMode":{"drawMode":0,"name":"Shaded","section":"Shading Mode"},"sceneLighting":false,"audioPlay":false,"sceneViewState":{"showFog":true,"showMaterialUpdate":false,"showSkybox":true,"showFlares":true,"showImageEffects":true,"showParticleSystems":true},"in2DMode":false,"pivot":{"x":-2.713263988494873,"y":-5.981523036956787,"z":-7.547186851501465},"rotation":{"x":-0.06087617576122284,"y":0.935075581073761,"z":-0.2877291440963745,"w":-0.19783756136894227},"size":19.56010627746582,"orthographic":false}