{"cameraMode":{"drawMode":0,"name":"Shaded","section":"Shading Mode"},"sceneLighting":false,"audioPlay":false,"sceneViewState":{"showFog":true,"showMaterialUpdate":false,"showSkybox":true,"showFlares":true,"showImageEffects":true,"showParticleSystems":true},"in2DMode":false,"pivot":{"x":5.214010238647461,"y":6.23224401473999,"z":1.8613319396972657},"rotation":{"x":-0.1638055145740509,"y":0.7336246371269226,"z":-0.19030626118183137,"w":-0.6314635276794434},"size":16.444305419921876,"orthographic":false}