{"cameraMode":{"drawMode":0,"name":"Shaded","section":"Shading Mode"},"sceneLighting":false,"audioPlay":false,"sceneViewState":{"showFog":true,"showMaterialUpdate":false,"showSkybox":true,"showFlares":true,"showImageEffects":true,"showParticleSystems":true},"in2DMode":false,"pivot":{"x":7.90484619140625,"y":2.9017083644866945,"z":2.4313175678253176},"rotation":{"x":-0.14869296550750733,"y":0.8217136859893799,"z":-0.24907289445400239,"w":-0.49055027961730959},"size":9.272574424743653,"orthographic":false}