{"cameraMode":{"drawMode":0,"name":"Shaded","section":"Shading Mode"},"sceneLighting":false,"audioPlay":false,"sceneViewState":{"showFog":true,"showMaterialUpdate":false,"showSkybox":true,"showFlares":true,"showImageEffects":true,"showParticleSystems":true},"in2DMode":false,"pivot":{"x":9.718173027038575,"y":-2.13476824760437,"z":-3.7658190727233888},"rotation":{"x":-0.10034580528736115,"y":0.897631824016571,"z":-0.333585649728775,"w":-0.2700158655643463},"size":15.725187301635743,"orthographic":false}