{"cameraMode":{"drawMode":0,"name":"Shaded","section":"Shading Mode"},"sceneLighting":false,"audioPlay":false,"sceneViewState":{"showFog":true,"showMaterialUpdate":false,"showSkybox":true,"showFlares":true,"showImageEffects":true,"showParticleSystems":true},"in2DMode":false,"pivot":{"x":2.793649911880493,"y":2.536928415298462,"z":7.141465187072754},"rotation":{"x":-0.14696165919303895,"y":0.8364521265029907,"z":-0.27145805954933169,"w":-0.4528362452983856},"size":16.444305419921876,"orthographic":false}