{"cameraMode":{"drawMode":0,"name":"Shaded","section":"Shading Mode"},"sceneLighting":false,"audioPlay":false,"sceneViewState":{"showFog":true,"showMaterialUpdate":false,"showSkybox":true,"showFlares":true,"showImageEffects":true,"showParticleSystems":true},"in2DMode":false,"pivot":{"x":-2.735759735107422,"y":-4.862627029418945,"z":21.82016372680664},"rotation":{"x":-0.2886244058609009,"y":0.45020440220832827,"z":-0.15647929906845094,"w":-0.8303771615028381},"size":33.46120071411133,"orthographic":false}